site,years,year,MIC_1,MIC_2,SOM_1,SOM_2,SOM_3,TSOC_pre,TSOC_pre_kg
Askov,0,1956,0.45033035,0.026025004,4.397996331,20.88218828,0.268460039,26.025,17.35
Askov,1,1957,0.066925348,0.016047009,4.049462911,20.5122776,1.138226084,25.78293895,17.18862597
Askov,2,1958,0.045133738,0.015602884,3.847225588,20.34604175,1.38817335,25.64217731,17.09478487
Askov,3,1959,0.049553008,0.01789812,3.729608436,20.18496297,1.514889006,25.49691154,16.99794103
Askov,4,1960,0.062406024,0.021756524,3.660801374,19.99437621,1.572883488,25.31222362,16.87481575
Askov,5,1961,0.077417455,0.026491016,3.618062043,19.76101166,1.591939395,25.07492157,16.71661438
Askov,6,1962,0.090141095,0.031509007,3.588841377,19.48411592,1.593532917,24.78814032,16.52542688
Askov,7,1963,0.098898133,0.036405786,3.567374233,19.17062565,1.590946059,24.46424986,16.3094999
Askov,8,1964,0.104368726,0.04100724,3.551361299,18.82925479,1.589704189,24.11569625,16.07713083
Askov,9,1965,0.107914935,0.045286473,3.539741232,18.46704146,1.590650166,23.75063427,15.83375618
Askov,10,1966,0.110542012,0.049262289,3.531696485,18.088865,1.592883554,23.37324934,15.58216622
Askov,11,1967,0.112719573,0.052942428,3.526397555,17.69824301,1.595285271,22.98558784,15.32372523
Askov,12,1968,0.114546796,0.056308,3.52302451,17.29816862,1.597022763,22.58907069,15.05938046
Askov,13,1969,0.115944256,0.059318943,3.520838755,16.89160956,1.597609918,22.18532144,14.79021429
Askov,14,1970,0.116784095,0.061926217,3.519227983,16.48168132,1.596825655,21.77644527,14.51763018
Askov,15,1971,0.116958791,0.06408323,3.51772171,16.0716207,1.594625552,21.36500998,14.24333999
Askov,16,1972,0.116410304,0.065754359,3.515980514,15.66466185,1.591066039,20.95387306,13.96924871
Askov,17,1973,0.115133832,0.066919704,3.51377666,15.26388767,1.586257764,20.54597564,13.69731709
Askov,18,1974,0.113171699,0.067577453,3.510973008,14.87209055,1.580334001,20.14414671,13.42943114
Askov,19,1975,0.110597898,0.06774252,3.507498076,14.49167961,1.573436397,19.7509545,13.167303
Askov,20,1976,0.107506313,0.067444485,3.503329102,14.12462811,1.565706827,19.36861483,12.91240989
Askov,21,1977,0.104000032,0.066724836,3.498478724,13.77244335,1.557282137,18.99892908,12.66595272
Askov,22,1978,0.100183392,0.065633504,3.492984259,13.43618214,1.548289653,18.64327295,12.42884863
Askov,23,1979,0.096152686,0.064224388,3.486895224,13.116495,1.538851516,18.30261882,12.20174588
Askov,24,1980,0.091996473,0.062553369,3.480272196,12.81367288,1.529075111,17.97757003,11.98504668
Askov,25,1981,0.087792125,0.060675337,3.473180483,12.52769994,1.51905758,17.66840546,11.77893698
Askov,26,1982,0.083603473,0.058641963,3.465685797,12.25831034,1.508883759,17.37512533,11.58341689
Askov,27,1983,0.079482415,0.056500534,3.457852761,12.00504446,1.498627926,17.0975081,11.39833873
Askov,28,1984,0.075469291,0.054292989,3.449743155,11.76729666,1.488353541,16.83515563,11.22343709
Askov,29,1985,0.071594351,0.05205563,3.441414767,11.54436162,1.478114748,16.58754112,11.05836074
Askov,30,NA,0.067878575,0.049818829,3.432920714,11.3354642,1.46795631,16.35403863,10.90269242
Askov,31,NA,0.064335609,0.047607469,3.424309309,11.13979551,1.4579147,16.1339626,10.75597507
Askov,32,NA,0.060973437,0.045441442,3.41562338,10.95653872,1.448021389,15.92659837,10.61773225
Askov,33,NA,0.057794742,0.043336048,3.406901099,10.7848814,1.438299855,15.73121314,10.48747543
Askov,34,NA,0.054798984,0.041302703,3.39817666,10.62403282,1.428767315,15.54707848,10.36471899
Askov,35,NA,0.051982305,0.039349355,3.389478737,10.47323188,1.419438415,15.37348069,10.24898713
Askov,36,NA,0.049339012,0.037481193,3.380832486,10.33175357,1.41032295,15.20972921,10.13981947
Askov,37,NA,0.046861952,0.035701024,3.37225908,10.19891456,1.401427712,15.05516432,10.03677622
Askov,38,NA,0.044543112,0.034009866,3.363776478,10.07407283,1.392756741,14.90915903,9.939439352
Askov,39,NA,0.042373916,0.032407243,3.355399505,9.956629945,1.384311873,14.77112248,9.847414988
Askov,40,NA,0.040345592,0.030891605,3.347140424,9.846028683,1.376093055,14.64049936,9.760332905
Askov,41,NA,0.038449357,0.029460482,3.339008921,9.741755936,1.368098665,14.51677336,9.677848908
Askov,42,NA,0.036676574,0.02811084,3.331012597,9.643337187,1.360325999,14.3994632,9.599642132
Askov,43,NA,0.035018941,0.026839283,3.323157499,9.550334739,1.352770915,14.28812138,9.525414251
Askov,44,NA,0.033468479,0.025642118,3.315447891,9.462346065,1.345429074,14.18233363,9.454889084
Askov,45,NA,0.032017562,0.02451551,3.307886558,9.379001448,1.338295572,14.08171665,9.3878111
Askov,46,NA,0.030659092,0.023455603,3.300475375,9.299961364,1.331364877,13.98591631,9.323944207
Askov,47,NA,0.029386377,0.022458557,3.293215105,9.224914518,1.324631295,13.89460585,9.263070567
Askov,48,NA,0.028193172,0.021520614,3.286105725,9.153574993,1.318088878,13.80748338,9.204988921
Askov,49,NA,0.027073668,0.020638131,3.279146493,9.085680336,1.311731634,13.72427026,9.149513509
Askov,50,NA,0.026022481,0.019807614,3.272336076,9.020990035,1.305553537,13.64470974,9.096473162
Askov,51,NA,0.025034612,0.019025723,3.265672702,8.959282542,1.299548525,13.5685641,9.045709403
Askov,52,NA,0.024105481,0.018289306,3.259154151,8.900356279,1.293710629,13.49561585,8.997077231
Askov,53,NA,0.023230828,0.017595378,3.252777911,8.844025054,1.288033967,13.42566314,8.950442092
Askov,54,NA,0.022406711,0.016941129,3.246541274,8.790117522,1.282512665,13.3585193,8.905679535
Askov,55,NA,0.021629521,0.016323929,3.24044128,8.738476287,1.277141158,13.29401218,8.862674783
Askov,56,NA,0.020895925,0.015741313,3.2344748,8.688956648,1.271914025,13.23198271,8.821321807
Askov,57,NA,0.02020285,0.015190982,3.228638689,8.641424952,1.266825904,13.17228338,8.781522252
Askov,58,NA,0.01954747,0.01467079,3.222929688,8.595757964,1.261871678,13.11477759,8.74318506
Askov,59,NA,0.018927181,0.014178741,3.217344488,8.551842056,1.257046409,13.05933887,8.706225917
Askov,60,NA,0.018339583,0.013712979,3.211879787,8.509572253,1.25234531,13.00584991,8.670566608
Askov,61,NA,0.017782466,0.013271779,3.206532289,8.468851509,1.247763774,12.95420182,8.636134545
Askov,62,NA,0.01725379,0.012853537,3.201298714,8.429589986,1.243297374,12.9042934,8.602862268
Askov,63,NA,0.016751668,0.012456762,3.19617582,8.391704222,1.238941855,12.85603033,8.570686885
Askov,64,NA,0.016274373,0.012080076,3.191160413,8.355117278,1.234693143,12.80932528,8.539550189
Askov,65,NA,0.015820302,0.011722198,3.186249357,8.319757586,1.230547333,12.76409678,8.509397851
Askov,66,NA,0.015387967,0.011381936,3.18143959,8.285558504,1.226500646,12.72026864,8.480179096
Askov,67,NA,0.014976,0.011058185,3.17672811,8.252458107,1.222549492,12.67776989,8.451846597
Askov,68,NA,0.014583135,0.010749919,3.172111982,8.220398797,1.218690442,12.63653427,8.424356183
Askov,69,NA,0.014208195,0.010456184,3.167588363,8.189326822,1.214920185,12.59649975,8.397666499
Askov,70,NA,0.01385008,0.010176083,3.163154448,8.159191443,1.211235521,12.55760758,8.371738384
Askov,71,NA,0.013507792,0.009908801,3.158807559,8.129946214,1.207633451,12.51980382,8.346535879
Askov,72,NA,0.013180387,0.009653559,3.154545021,8.101546545,1.204111028,12.48303654,8.32202436
Askov,73,NA,0.012867025,0.009409676,3.150364418,8.073953281,1.200665572,12.44725997,8.298173315
Askov,74,NA,0.012566928,0.009176521,3.14626346,8.047130234,1.197294558,12.4124317,8.274954467
Askov,75,NA,0.012279248,0.008953405,3.142239534,8.021037439,1.193995157,12.37850478,8.252336521
Askov,76,NA,0.012003329,0.008739778,3.138290397,7.99564252,1.190765074,12.3454411,8.230294066
Askov,77,NA,0.011738527,0.008535105,3.134413824,7.970913884,1.187602005,12.31320335,8.20880223
Askov,78,NA,0.011484226,0.008338885,3.130607699,7.946821804,1.184503666,12.28175628,8.187837521
Askov,79,NA,0.011239861,0.008150652,3.126869961,7.923338346,1.181467912,12.25106673,8.167377822
Askov,80,NA,0.011004901,0.007969971,3.123198599,7.900437242,1.178492711,12.22110342,8.147402283
Askov,81,NA,0.010778849,0.007796433,3.119591682,7.878093631,1.17557609,12.19183668,8.127891123
Askov,82,NA,0.010561242,0.007629657,3.116047355,7.856284167,1.172716161,12.16323858,8.108825722
Askov,83,NA,0.010351649,0.00746929,3.112563822,7.834986895,1.169911126,12.13528278,8.090188521
Askov,84,NA,0.010149663,0.007314996,3.109139349,7.814180989,1.167159251,12.10794425,8.071962833
Askov,85,NA,0.009954902,0.007166463,3.105772267,7.793846769,1.16445887,12.08119927,8.054132847
Askov,86,NA,0.009767008,0.007023399,3.102460958,7.773965631,1.161808393,12.05502539,8.036683593
Askov,87,NA,0.009585648,0.006885528,3.099203864,7.754519976,1.159206291,12.02940131,8.019600872
Askov,88,NA,0.009410505,0.006752593,3.095999485,7.735493135,1.156651096,12.00430682,8.00287121
Askov,89,NA,0.009241285,0.006624352,3.09284637,7.716869306,1.154141396,11.97972271,7.986481806
Askov,90,NA,0.009077707,0.006500576,3.08974312,7.698633499,1.151675837,11.95563074,7.970420493
Askov,91,NA,0.00891951,0.006381052,3.086688384,7.680771488,1.149253117,11.93201355,7.9546757
Askov,92,NA,0.008766447,0.006265578,3.083680858,7.663269759,1.146871985,11.90885463,7.939236418
Askov,93,NA,0.008618284,0.006153965,3.080719284,7.646115472,1.144531239,11.88613824,7.924092163
Askov,94,NA,0.008474803,0.006046034,3.077802447,7.629296413,1.142229723,11.86384942,7.909232947
Askov,95,NA,0.008335796,0.005941616,3.074929174,7.612800962,1.139966323,11.84197387,7.894649247
Askov,96,NA,0.008201066,0.005840552,3.072098332,7.596618056,1.137739969,11.82049797,7.880331983
Askov,97,NA,0.008070429,0.005742693,3.069308826,7.58073715,1.135549631,11.79940873,7.866272486
Askov,98,NA,0.00794371,0.005647897,3.066559599,7.565148188,1.133394317,11.77869371,7.852462474
Askov,99,NA,0.007820744,0.00555603,3.063849629,7.549841578,1.13127307,11.75834105,7.838894034
Askov,100,NA,0.007701372,0.005466965,3.061177929,7.534808167,1.129184971,11.7383394,7.825559603
Askov,101,NA,0.007585448,0.005380582,3.058543545,7.520039217,1.127129132,11.71867792,7.812451949
Askov,102,NA,0.007472829,0.005296769,3.055945554,7.505526377,1.125104697,11.69934623,7.799564151
Askov,103,NA,0.007363383,0.005215417,3.053383064,7.491261659,1.123110844,11.68033437,7.786889578
Askov,104,NA,0.007256983,0.005136426,3.050855212,7.477237425,1.121146775,11.66163282,7.774421881
Askov,105,NA,0.007153509,0.005059698,3.048361164,7.463446365,1.119211724,11.64323246,7.762154973
Askov,106,NA,0.007052846,0.004985142,3.045900112,7.449881477,1.11730495,11.62512453,7.750083018
Askov,107,NA,0.006954885,0.004912672,3.043471274,7.436536056,1.115425738,11.60730063,7.738200417
Askov,108,NA,0.006859524,0.004842204,3.041073894,7.423403673,1.113573398,11.58975269,7.726501796
Askov,109,NA,0.006766664,0.004773661,3.03870724,7.410478162,1.111747263,11.57247299,7.714981994
Askov,110,NA,0.006676212,0.004706968,3.036370603,7.397753609,1.109946689,11.55545408,7.703636053
Askov,111,NA,0.006588078,0.004642054,3.034063295,7.385224336,1.108171053,11.53868881,7.69245921
Askov,112,NA,0.006502177,0.004578851,3.031784651,7.372884892,1.106419753,11.52217032,7.681446882
Askov,113,NA,0.006418429,0.004517296,3.029534026,7.360730037,1.104692207,11.50589199,7.670594663
Askov,114,NA,0.006336756,0.004457327,3.027310795,7.348754738,1.102987852,11.48984747,7.659898312
Askov,115,NA,0.006257085,0.004398886,3.025114353,7.336954151,1.101306144,11.47403062,7.649353747
Askov,116,NA,0.006179345,0.004341918,3.022944112,7.325323621,1.099646556,11.45843555,7.638957035
Askov,117,NA,0.006103469,0.00428637,3.020799503,7.313858665,1.098008576,11.44305658,7.628704388
Askov,118,NA,0.006029393,0.00423219,3.018679972,7.302554966,1.096391712,11.42788823,7.618592155
Askov,119,NA,0.005957056,0.004179331,3.016584984,7.291408369,1.094795484,11.41292522,7.608616815
Askov,120,NA,0.005886399,0.004127746,3.014514018,7.280414868,1.093219429,11.39816246,7.598774973
Askov,121,NA,0.005817365,0.004077392,3.012466569,7.269570603,1.091663098,11.38359503,7.589063351
Askov,122,NA,0.005749901,0.004028226,3.010442147,7.258871851,1.090126056,11.36921818,7.579478788
Askov,123,NA,0.005683956,0.003980209,3.008440276,7.248315021,1.088607879,11.35502734,7.570018228
Askov,124,NA,0.00561948,0.003933301,3.006460494,7.237896647,1.087108161,11.34101808,7.560678721
Askov,125,NA,0.005556426,0.003887466,3.00450235,7.227613384,1.085626502,11.32718613,7.551457419
Askov,126,NA,0.005494748,0.003842668,3.00256541,7.217462002,1.084162518,11.31352735,7.542351564
Askov,127,NA,0.005434404,0.003798874,3.000649248,7.207439379,1.082715836,11.30003774,7.533358494
Askov,128,NA,0.005375351,0.003756051,2.998753453,7.1975425,1.081286092,11.28671345,7.524475631
Askov,129,NA,0.00531755,0.003714168,2.996877622,7.187768449,1.079872934,11.27355072,7.515700482
Askov,130,NA,0.005260962,0.003673196,2.995021368,7.178114407,1.078476021,11.26054595,7.507030635
Askov,131,NA,0.00520555,0.003633105,2.99318431,7.168577648,1.077095019,11.24769563,7.498463755
Askov,132,NA,0.005151279,0.003593869,2.991366079,7.159155533,1.075729607,11.23499637,7.489997578
Askov,133,NA,0.005098115,0.00355546,2.989566317,7.149845508,1.074379471,11.22244487,7.481629914
Askov,134,NA,0.005046024,0.003517854,2.987784675,7.1406451,1.073044306,11.21003796,7.473358639
Askov,135,NA,0.004994976,0.003481027,2.986020812,7.131551914,1.071723815,11.19777254,7.465181697
Askov,136,NA,0.004944941,0.003444955,2.984274398,7.122563631,1.070417711,11.18564564,7.45709709
Askov,137,NA,0.004895888,0.003409615,2.982545109,7.113678001,1.069125714,11.17365433,7.449102885
Askov,138,NA,0.00484779,0.003374986,2.980832634,7.104892846,1.06784755,11.16179581,7.441197204
Askov,139,NA,0.004800621,0.003341048,2.979136664,7.096206052,1.066582955,11.15006734,7.433378227
Askov,140,NA,0.004754352,0.00330778,2.977456904,7.08761557,1.06533167,11.13846628,7.425644184
Askov,141,NA,0.004708961,0.003275163,2.975793062,7.079119411,1.064093445,11.12699004,7.417993361
Askov,142,NA,0.004664422,0.003243178,2.974144855,7.070715646,1.062868034,11.11563614,7.41042409
Askov,143,NA,0.004620712,0.003211808,2.972512009,7.062402401,1.0616552,11.10440213,7.402934753
Askov,144,NA,0.004577809,0.003181036,2.970894253,7.054177858,1.060454711,11.09328567,7.395523778
Askov,145,NA,0.004535691,0.003150844,2.969291325,7.046040251,1.059266341,11.08228445,7.388189635
Askov,146,NA,0.004494337,0.003121217,2.967702971,7.037987864,1.05808987,11.07139626,7.380930839
Askov,147,NA,0.004453726,0.00309214,2.96612894,7.03001903,1.056925083,11.06061892,7.373745946
Askov,148,NA,0.00441384,0.003063598,2.96456899,7.022132128,1.055771771,11.04995033,7.366633551
Askov,149,NA,0.004374659,0.003035575,2.963022882,7.014325585,1.054629731,11.03938843,7.359592288
Askov,150,NA,0.004336165,0.003008059,2.961490384,7.006597868,1.053498764,11.02893124,7.352620827
Grignon,0,1959,0.416947103,0.016680002,5.613800821,9.313610157,1.318961916,16.68,13.9
Grignon,1,NA,0.115598256,0.017028997,5.421343512,9.102300921,1.605238108,16.26150979,13.55125816
Grignon,2,NA,0.071401433,0.018910872,5.285102215,8.985494078,1.699910489,16.06081909,13.38401591
Grignon,3,1962,0.059862098,0.021505959,5.184429302,8.883037693,1.756323587,15.90515864,13.25429887
Grignon,4,NA,0.057142019,0.024500288,5.108755329,8.77967846,1.789245951,15.75932205,13.13276837
Grignon,5,NA,0.057294516,0.027622714,5.050562685,8.67083922,1.806380223,15.61269936,13.0105828
Grignon,6,1965,0.058167444,0.030639525,5.004595717,8.555536037,1.813481801,15.46242052,12.88535044
Grignon,7,NA,0.058917459,0.033377799,4.967308562,8.434382769,1.814642421,15.30862901,12.75719084
Grignon,8,NA,0.059282463,0.035734645,4.936347666,8.30867884,1.812473197,15.15251681,12.62709734
Grignon,9,1968,0.059253036,0.037668632,4.910131145,8.17991134,1.808463843,14.995428,12.49619
Grignon,10,NA,0.05890472,0.039182188,4.887554628,8.049500171,1.803377128,14.83851883,12.36543236
Grignon,11,NA,0.058320536,0.040303706,4.867805871,7.918688135,1.797568111,14.68268636,12.23557197
Grignon,12,1971,0.05756635,0.041074126,4.850260154,7.788513521,1.79119247,14.52860662,12.10717218
Grignon,13,NA,0.056687826,0.04153825,4.834421489,7.659817617,1.784324735,14.37678992,11.98065827
Grignon,14,NA,0.055715981,0.041740059,4.8198926,7.533264991,1.777014168,14.2276278,11.8563565
Grignon,15,1974,0.054672669,0.041720484,4.806353051,7.409371683,1.7693077,14.08142559,11.73452132
Grignon,16,NA,0.053574429,0.041516433,4.793547819,7.288524986,1.761255821,13.93841949,11.61534957
Grignon,17,NA,0.052434888,0.041160606,4.781276196,7.171004866,1.752912167,13.79878872,11.4989906
Grignon,18,1977,0.051265962,0.040681569,4.769383174,7.05700105,1.744331107,13.66266286,11.38555239
Grignon,19,NA,0.05007834,0.040104174,4.757750184,6.946631429,1.735564991,13.53012912,11.2751076
Grignon,20,NA,0.048881514,0.039449687,4.746289843,6.839952173,1.72666233,13.40123555,11.16769629
Grignon,21,1980,0.047683811,0.03873621,4.734939342,6.736970721,1.717666827,13.27599691,11.06333076
Grignon,22,NA,0.046492442,0.03797911,4.723654385,6.637657346,1.708617217,13.1544005,10.94679653
Grignon,23,NA,0.045313479,0.037191317,4.712405241,6.541953301,1.699547253,13.03641059,10.83358221
Grignon,24,NA,0.044151909,0.036383571,4.701173994,6.449776803,1.690485765,12.92197204,10.72362825
Grignon,25,NA,0.043011763,0.035564754,4.689951199,6.361029652,1.681457346,12.81101471,10.61686302
Grignon,26,NA,0.041896191,0.034742162,4.678733551,6.275602289,1.672482762,12.70345695,10.51320576
Grignon,27,1986,0.040807597,0.033921715,4.667522503,6.193377234,1.663579207,12.59920826,10.41256881
Grignon,28,NA,0.039747727,0.033108167,4.65632266,6.114232322,1.654760982,12.49817186,10.32906765
Grignon,29,NA,0.038717755,0.032305297,4.645140665,6.038043304,1.646039795,12.40024682,10.24813787
Grignon,30,1989,0.037718433,0.031516071,4.633984528,5.964685755,1.637425069,12.30532986,10.1696941
Grignon,31,NA,0.036750114,0.030742762,4.622862887,5.894036504,1.628924373,12.21331664,10.09365012
Grignon,32,NA,0.035812843,0.029987078,4.611784646,5.825974748,1.620543574,12.12410289,10.01991974
Grignon,33,NA,0.034906425,0.029250257,4.600758591,5.760382897,1.612287178,12.03758535,9.948417642
Grignon,34,NA,0.03403046,0.028533147,4.589793178,5.69714722,1.604158465,11.95366247,9.879059892
Grignon,35,NA,0.033184406,0.027836288,4.578896381,5.636158061,1.596159741,11.87223488,9.811764361
Grignon,36,NA,0.032367597,0.027159962,4.568075579,5.577310239,1.588292447,11.79320582,9.746451094
Grignon,37,NA,0.031579285,0.026504252,4.557337555,5.520502805,1.580557344,11.71648124,9.683042348
Grignon,38,NA,0.030818654,0.025869062,4.546688366,5.465639746,1.57295454,11.64197037,9.621463114
Grignon,39,NA,0.030084843,0.025254163,4.53613338,5.412629691,1.565483629,11.56958571,9.561641079
Grignon,40,NA,0.029376968,0.02465923,4.525677325,5.361385626,1.558143801,11.49924295,9.503506571
Grignon,41,NA,0.028694132,0.024083864,4.515324309,5.311824806,1.550933901,11.43086101,9.446992571
Grignon,42,NA,0.028035431,0.023527597,4.505077783,5.263869058,1.543852477,11.36436235,9.392034997
Grignon,43,NA,0.027399967,0.022989924,4.494940693,5.217443917,1.536897858,11.29967236,9.338572198
Grignon,44,NA,0.026786856,0.022470307,4.48491544,5.172478975,1.530068173,11.23671975,9.286545248
Grignon,45,NA,0.026195228,0.021968186,4.47500394,5.128907549,1.523361406,11.17543631,9.235897776
Grignon,46,NA,0.025624233,0.021482993,4.465207695,5.086666284,1.51677543,11.11575663,9.186575731
Grignon,47,NA,0.025073046,0.021014151,4.455527781,5.045695424,1.510308017,11.05761842,9.138527619
Grignon,48,2007,0.024540867,0.020561086,4.44596489,5.005938582,1.503956868,11.00096229,9.091704374
Grignon,49,NA,0.024026922,0.020123229,4.436519421,4.96734218,1.497719634,10.94573139,9.046058997
Grignon,50,NA,0.023530461,0.019700019,4.42719149,4.929855455,1.491593934,10.89187136,9.001546577
Grignon,51,NA,0.023050767,0.019290908,4.41798092,4.89343057,1.485577391,10.83933056,8.958124426
Grignon,52,NA,0.022587148,0.018895357,4.408887336,4.858021994,1.479667611,10.78805945,8.915751608
Grignon,53,NA,0.022138941,0.018512847,4.399910153,4.823586694,1.473862205,10.73801084,8.874389125
Grignon,54,NA,0.021705509,0.018142871,4.391048608,4.790083899,1.468158807,10.68913969,8.833999747
Grignon,55,NA,0.021286243,0.017784938,4.382301787,4.757474835,1.462555072,10.64140287,8.794547831
Grignon,56,NA,0.020880559,0.017438577,4.373668638,4.725722877,1.457048679,10.59475933,8.755999446
Grignon,57,NA,0.020487903,0.017103333,4.365147983,4.694793389,1.451637345,10.54916995,8.718322275
Grignon,58,NA,0.020107739,0.016778767,4.356738562,4.664653387,1.446318816,10.50459727,8.681485348
Grignon,59,NA,0.019739557,0.016464457,4.348439028,4.635271537,1.441090876,10.46100546,8.645459054
Grignon,60,NA,0.019382873,0.01616,4.340247955,4.606618221,1.435951367,10.41836042,8.61021522
Grignon,61,NA,0.01903722,0.015865007,4.332163867,4.578665165,1.430898163,10.37662942,8.575726796
Grignon,62,NA,0.018702155,0.015579106,4.324185242,4.551385554,1.425929186,10.33578124,8.541967969
Grignon,63,NA,0.018377255,0.015301939,4.316310516,4.524753893,1.421042406,10.29578601,8.508914057
Grignon,64,NA,0.018062115,0.015033165,4.308538098,4.498745856,1.41623584,10.25661507,8.476541383
Grignon,65,NA,0.017756349,0.014772457,4.300866373,4.47333837,1.411507553,10.2182411,8.444827357
Grignon,66,NA,0.017459592,0.014519503,4.293293712,4.448509528,1.406855659,10.18063799,8.413750408
Grignon,67,NA,0.01717149,0.014274002,4.28581848,4.424238392,1.402278318,10.14378068,8.383289819
Grignon,68,NA,0.016891707,0.014035668,4.278439037,4.400504993,1.397773731,10.10764514,8.353425733
Grignon,69,NA,0.016619926,0.013804229,4.271153743,4.377290375,1.393340161,10.07220843,8.324139202
Grignon,70,NA,0.016355838,0.013579421,4.263960965,4.354576375,1.388975905,10.0374485,8.295411987
Grignon,71,NA,0.016099153,0.013360993,4.256859077,4.332345696,1.384679309,10.00334423,8.267226634
Grignon,72,NA,0.015849592,0.013148707,4.249846464,4.310581824,1.380448764,9.969875352,8.239566406
Grignon,73,NA,0.015606888,0.012942332,4.242921526,4.289268944,1.376282705,9.937022396,8.212415203
Grignon,74,NA,0.015370786,0.012741649,4.236082679,4.26839199,1.372179611,9.904766715,8.185757616
Grignon,75,NA,0.015141046,0.01254645,4.229328358,4.247936594,1.368138003,9.873090451,8.159578885
Grignon,76,NA,0.014917433,0.012356533,4.22265702,4.227888977,1.364156442,9.841976405,8.133864797
Grignon,77,NA,0.014699726,0.012171706,4.216067139,4.208235943,1.360233528,9.811408042,8.108601687
Grignon,78,NA,0.014487712,0.011991787,4.209557216,4.18896491,1.356367905,9.781369531,8.083776472
Grignon,79,NA,0.014281189,0.011816598,4.203125773,4.170063783,1.352558252,9.751845595,8.059376525
Grignon,80,NA,0.014079962,0.011645972,4.196771357,4.151520993,1.348803284,9.722821568,8.035389726
Grignon,81,NA,0.013883846,0.011479749,4.19049254,4.133325455,1.345101753,9.694283342,8.011804415
Grignon,82,NA,0.013692661,0.011317772,4.184287916,4.115466512,1.341452448,9.666217309,7.988609346
Grignon,83,NA,0.013506238,0.011159895,4.178156108,4.097933973,1.337854188,9.638610402,7.965793721
Grignon,84,NA,0.013324413,0.011005977,4.172095765,4.080718081,1.334305833,9.611450069,7.943347164
Grignon,85,NA,0.013147032,0.010855882,4.166105562,4.063809441,1.330806267,9.584724183,7.921259656
Grignon,86,NA,0.012973942,0.010709479,4.160184198,4.04719903,1.327354408,9.558421058,7.899521535
Grignon,87,NA,0.012805002,0.010566645,4.154330401,4.030878208,1.323949207,9.532529464,7.878123524
Grignon,88,NA,0.012640073,0.010427261,4.148542922,4.01483864,1.320589642,9.507038539,7.857056643
Grignon,89,NA,0.012479024,0.01029121,4.142820539,3.999072328,1.317274719,9.481937821,7.836312249
Grignon,90,NA,0.012321727,0.010158384,4.137162055,3.98357158,1.314003473,9.45721722,7.815882
Grignon,91,NA,0.012168062,0.010028678,4.131566296,3.968328976,1.310774964,9.432866976,7.795757832
Grignon,92,NA,0.012017911,0.009901989,4.126032115,3.953337397,1.30758828,9.408877691,7.775931976
Grignon,93,NA,0.011871163,0.009778221,4.120558391,3.938589998,1.304442533,9.385240306,7.756396947
Grignon,94,NA,0.01172771,0.00965728,4.115144025,3.924080175,1.301336862,9.361946053,7.737145498
Grignon,95,NA,0.011587449,0.009539078,4.109787944,3.909801559,1.298270425,9.338986453,7.718170623
Grignon,96,NA,0.01145028,0.009423527,4.104489095,3.895748032,1.295242407,9.316353341,7.699465571
Grignon,97,NA,0.011316109,0.009310546,4.099246451,3.881913675,1.292252013,9.294038794,7.681023797
Grignon,98,NA,0.011184843,0.009200054,4.094059007,3.86829279,1.28929847,9.272035164,7.662838979
Grignon,99,NA,0.011056395,0.009091975,4.088925779,3.854879879,1.286381028,9.250335055,7.644905004
Grignon,100,NA,0.010930679,0.008986236,4.083845803,3.841669624,1.283498951,9.228931292,7.627215944
Grignon,101,NA,0.010807613,0.008882765,4.07881814,3.828656904,1.280651529,9.207816952,7.609766076
Grignon,102,NA,0.01068712,0.008781495,4.073841871,3.815836785,1.27783807,9.186985342,7.592549869
Grignon,103,NA,0.010569124,0.008682361,4.068916096,3.803204489,1.275057898,9.166429966,7.575561956
Grignon,104,NA,0.010453551,0.008585298,4.064039936,3.790755395,1.272310354,9.146144534,7.558797135
Grignon,105,NA,0.010340331,0.008490247,4.059212532,3.778485052,1.269594801,9.126122964,7.542250383
Grignon,106,NA,0.010229398,0.008397149,4.054433043,3.766389144,1.266910614,9.106359348,7.525916817
Grignon,107,NA,0.010120685,0.008305947,4.049700647,3.754463501,1.264257186,9.086847967,7.509791708
Grignon,108,NA,0.01001413,0.008216587,4.045014541,3.742704091,1.261633927,9.067583275,7.493870476
Grignon,109,NA,0.009909672,0.008129017,4.040373936,3.731107003,1.259040259,9.048559886,7.478148666
Grignon,110,NA,0.009807253,0.008043186,4.035778064,3.719668459,1.25647562,9.029772582,7.462621969
Grignon,111,NA,0.009706816,0.007959045,4.031226174,3.708384812,1.253939465,9.011216313,7.447286209
Grignon,112,NA,0.009608308,0.007876548,4.026717531,3.697252518,1.25143126,8.992886166,7.432137327
Grignon,113,NA,0.009511675,0.007795649,4.022251417,3.686268145,1.248950485,8.97477737,7.41717138
Grignon,114,NA,0.009416867,0.007716304,4.017827127,3.675428376,1.246496632,8.956885306,7.402384551
Grignon,115,NA,0.009323835,0.007638472,4.013443974,3.664729986,1.244069209,8.939205476,7.38777312
Grignon,116,NA,0.009232531,0.00756211,4.009101285,3.654169855,1.241667732,8.921733514,7.373333482
Grignon,117,NA,0.00914291,0.007487181,4.004798402,3.643744954,1.239291733,8.90446518,7.359062132
Grignon,118,NA,0.009054929,0.007413645,4.00053468,3.633452343,1.23694075,8.887396347,7.344955658
Grignon,119,NA,0.008968543,0.007341466,3.996309488,3.623289174,1.234614338,8.870523009,7.331010751
Grignon,120,NA,0.008883712,0.007270608,3.992122212,3.613252688,1.232312061,8.853841281,7.317224199
Grignon,121,NA,0.008800396,0.007201037,3.987972247,3.603340202,1.230033491,8.837347374,7.303592871
Grignon,122,NA,0.008718556,0.007132721,3.983859004,3.59354911,1.227778213,8.821037603,7.290113722
Grignon,123,NA,0.008638155,0.007065625,3.979781904,3.583876887,1.225545822,8.804908394,7.276783797
Grignon,124,NA,0.008559157,0.006999721,3.975740383,3.574321076,1.223335921,8.788956257,7.263600213
Grignon,125,NA,0.008481527,0.006934976,3.971733886,3.56487929,1.221148124,8.773177803,7.250560167
Grignon,126,NA,0.00840523,0.006871363,3.967761872,3.555549212,1.218982051,8.757569729,7.237660933
Grignon,127,NA,0.008330235,0.006808853,3.963823811,3.546328584,1.216837335,8.742128818,7.224899849
Grignon,128,NA,0.008256509,0.006747419,3.959919181,3.537215217,1.214713614,8.72685194,7.212274331
Grignon,129,NA,0.008184022,0.006687034,3.956047477,3.528206985,1.212610537,8.711736054,7.199781863
Grignon,130,NA,0.008112744,0.006627673,3.952208199,3.519301815,1.210527759,8.696778189,7.187419991
Grignon,131,NA,0.008042645,0.00656931,3.948400859,3.510497693,1.208464945,8.681975452,7.175186324
Grignon,132,NA,0.007973698,0.006511923,3.944624982,3.50179266,1.206421765,8.667325029,7.163078536
Grignon,133,NA,0.007905876,0.006455487,3.940880098,3.493184809,1.2043979,8.65282417,7.151094355
Grignon,134,NA,0.007839153,0.00639998,3.93716575,3.484672282,1.202393034,8.638470198,7.139231569
Grignon,135,NA,0.007773502,0.00634538,3.933481488,3.476253273,1.200406861,8.624260503,7.127488019
Grignon,136,NA,0.007708899,0.006291666,3.929826872,3.467926019,1.198439081,8.610192536,7.1158616
Grignon,137,NA,0.00764532,0.006238817,3.926201472,3.459688806,1.196489399,8.596263814,7.104350259
Grignon,138,NA,0.007582741,0.006186813,3.922604865,3.451539969,1.19455753,8.582471918,7.092951998
Grignon,139,NA,0.007521141,0.006135635,3.919036637,3.44347788,1.192643192,8.568814484,7.081664863
Grignon,140,NA,0.007460496,0.006085263,3.915496383,3.435500953,1.190746111,8.555289207,7.070486948
Grignon,141,NA,0.007400786,0.006035681,3.911983706,3.427607646,1.188866018,8.541893837,7.059416395
Grignon,142,NA,0.00734199,0.005986869,3.908498215,3.419796453,1.187002651,8.528626178,7.048451387
Grignon,143,NA,0.007284087,0.005938811,3.905039528,3.412065906,1.185155751,8.515484084,7.037590152
Grignon,144,NA,0.007227059,0.00589149,3.901607271,3.404414574,1.183325067,8.502465461,7.02683096
Grignon,145,NA,0.007170885,0.00584489,3.898201077,3.396841059,1.181510352,8.489568262,7.016172118
Grignon,146,NA,0.007115548,0.005798994,3.894820583,3.389343999,1.179711365,8.476790489,7.005611975
Grignon,147,NA,0.00706103,0.005753788,3.891465439,3.381922068,1.177927869,8.464130194,6.995148921
Grignon,148,NA,0.007007313,0.005709256,3.888135297,3.374573968,1.176159634,8.451585469,6.984781379
Grignon,149,NA,0.006954379,0.005665385,3.884829817,3.367298436,1.174406433,8.439154451,6.97450781
Grignon,150,NA,0.006902213,0.005622159,3.881548666,3.360094236,1.172668044,8.426835318,6.964326709
Rothamsted,0,1959,0.681452353,0.475271674,2.72600666,21.9100184,1.46725091,27.26,29
Rothamsted,1,NA,0.304974324,0.312590942,3.26106167,19.24508451,2.71530406,25.8390155,27.19896369
Rothamsted,2,NA,0.300981071,0.280549162,3.789794421,17.35282724,2.792753731,24.51690563,25.53844336
Rothamsted,3,NA,0.291327222,0.253604594,4.187308117,15.76246812,2.729215431,23.22392348,23.94218916
Rothamsted,4,1963,0.257772741,0.222655037,4.47293835,14.4571504,2.654029363,22.06454589,22.51484275
Rothamsted,5,NA,0.215979493,0.191204578,4.676745769,13.41645006,2.592208638,21.09258853,21.30564498
Rothamsted,6,NA,0.177536064,0.162444475,4.822280277,12.59487298,2.543834422,20.30096822,20.30096822
Rothamsted,7,NA,0.146144121,0.137654532,4.926111183,11.94349239,2.505189697,19.65859193,19.4639524
Rothamsted,8,NA,0.121630319,0.116916216,4.999778033,11.42118552,2.47318923,19.13269932,18.75754835
Rothamsted,9,NA,0.102690718,0.099798182,5.051417354,10.99651637,2.445767805,18.69619043,18.1516412
Rothamsted,10,NA,0.087979222,0.085726755,5.086853601,10.64627748,2.42160731,18.32844437,17.6235042
Rothamsted,11,NA,0.076406935,0.074147803,5.110314712,10.3534603,2.399862705,18.01419245,17.15637376
Rothamsted,12,1971,0.067162669,0.06458234,5.124898986,10.10556027,2.379982073,17.74218634,16.73791164
Rothamsted,13,NA,0.059659441,0.056637037,5.132900137,9.893275464,2.361592059,17.50406414,16.35893845
Rothamsted,14,NA,0.053475167,0.04999615,5.136023763,9.709606677,2.344435931,17.29353769,16.0125349
Rothamsted,15,NA,0.048305391,0.044409074,5.135546285,9.549214456,2.328330161,17.10580537,15.69339942
Rothamsted,16,NA,0.043928452,0.039677618,5.132425647,9.407974387,2.313139409,16.93714551,15.39740501
Rothamsted,17,NA,0.040180852,0.035644916,5.127383108,9.28265881,2.29876044,16.78462813,15.1212866
Rothamsted,18,NA,0.036940307,0.032186434,5.120962449,9.17071226,2.285112021,16.64591347,14.86242274
Rothamsted,19,1978,0.034113941,0.029202834,5.11357422,9.070088134,2.272127973,16.5191071,14.61867885
Rothamsted,20,NA,0.031630118,0.026614404,5.105528231,8.97912983,2.25975352,16.4026561,14.38829483
Rothamsted,21,NA,0.029432832,0.024356822,5.097058023,8.896483712,2.247942093,16.29527348,14.16980303
Rothamsted,22,NA,0.027477753,0.022377965,5.088338804,8.821035596,2.236652974,16.19588309,13.96196818
Rothamsted,23,NA,0.025729147,0.020635189,5.079502378,8.751857816,2.225849725,16.10357425,13.76373868
Rothamsted,24,NA,0.024157972,0.019093463,5.070646545,8.688173815,2.215500338,16.01757213,13.57421367
Rothamsted,25,NA,0.022740342,0.017723833,5.061843438,8.629328651,2.205575965,15.93721223,13.39261532
Rothamsted,26,NA,0.021456441,0.016502246,5.053145813,8.574766378,2.196050131,15.86192101,13.21826751
Rothamsted,27,NA,0.020289648,0.015408598,5.04459142,8.52401221,2.186898662,15.79120054,13.05057896
Rothamsted,28,1987,0.019225907,0.014426001,5.036206654,8.476658305,2.1780993,15.72461617,12.88902965
Rothamsted,29,NA,0.018253266,0.0135402,5.028009284,8.432352608,2.169631522,15.66178688,12.73316007
Rothamsted,30,NA,0.017361482,0.012739104,5.020010503,8.390789678,2.161476336,15.6023771,12.58256218
Rothamsted,31,NA,0.016541728,0.01201241,5.012216568,8.351703313,2.153616114,15.54609013,12.43687211
Rothamsted,32,NA,0.015786359,0.011351303,5.004630016,8.314860525,2.146034494,15.4926627,12.29576405
Rothamsted,33,NA,0.015088723,0.01074821,4.997250616,8.280056569,2.13871625,15.44186037,12.15894517
Rothamsted,34,NA,0.014443006,0.010196597,4.990076106,8.247110835,2.131647197,15.39347374,12.02615136
Rothamsted,35,NA,0.013844108,0.009690809,4.983102744,8.215863472,2.124814111,15.34731524,11.8971436
Rothamsted,36,NA,0.013287539,0.009225933,4.976325746,8.186172474,2.118204647,15.30321634,11.77170488
Rothamsted,37,NA,0.012769328,0.008797681,4.969739634,8.157911197,2.111807262,15.2610251,11.64963748
Rothamsted,38,NA,0.012285961,0.008402305,4.963338437,8.130966524,2.10561119,15.22060442,11.53076092
Rothamsted,39,NA,0.011834319,0.008036519,4.957115913,8.10523708,2.099606347,15.18183018,11.41490991
Rothamsted,40,NA,0.011411617,0.007697429,4.951065707,8.08063171,2.093783265,15.14458973,11.30193263
Rothamsted,41,2000,0.011015371,0.007382483,4.945181429,8.057068261,2.088133093,15.10878064,11.19168936
Rothamsted,42,NA,0.010643355,0.00708942,4.939456745,8.034472497,2.08264753,15.07430955,11.08405114
Rothamsted,43,NA,0.010293573,0.006816238,4.933885445,8.012777195,2.077318776,15.04109123,10.9788987
Rothamsted,44,NA,0.00996423,0.006561152,4.928461469,7.991921333,2.072139512,15.0090477,10.87612152
Rothamsted,45,NA,0.009653707,0.006322575,4.923178943,7.971849373,2.067102857,14.97810745,10.77561687
Rothamsted,46,NA,0.009360546,0.006099086,4.918032203,7.95251077,2.062202348,14.94820495,10.67728925
Rothamsted,47,NA,0.009083423,0.005889415,4.913015796,7.933859273,2.057431898,14.91927981,10.58104951
Rothamsted,48,NA,0.008821139,0.005692417,4.908124486,7.915852472,2.052785765,14.89127628,10.48681428
Rothamsted,49,2008,0.008572605,0.005507063,4.90335326,7.898451519,2.04825855,14.864143,10.39450559
Rothamsted,50,NA,0.008336831,0.005332425,4.89869732,7.881620647,2.043845151,14.83783237,10.37610656
Rothamsted,51,NA,0.008112916,0.005167669,4.894152092,7.86532705,2.03954076,14.81230049,10.35825209
Rothamsted,52,NA,0.007900042,0.005012042,4.889713224,7.849540581,2.035340849,14.78750674,10.3409138
Rothamsted,53,NA,0.007697453,0.004864857,4.885376556,7.834233244,2.031241117,14.76341323,10.32406519
Rothamsted,54,NA,0.007504461,0.004725492,4.881138127,7.819379159,2.027237506,14.73998475,10.30768164
Rothamsted,55,2014,0.007320437,0.00459338,4.876994163,7.80495441,2.023326189,14.71718858,10.29174026
Rothamsted,56,NA,0.007144799,0.004468006,4.872941072,7.790936773,2.019503529,14.69499418,10.27621971
Rothamsted,57,NA,0.006977015,0.004348899,4.868975433,7.777305575,2.015766081,14.673373,10.2611
Rothamsted,58,NA,0.006816594,0.004235628,4.865093986,7.764041602,2.012110583,14.65229839,10.24636251
Rothamsted,59,NA,0.006663083,0.004127798,4.861293623,7.751126921,2.008533936,14.63174536,10.23198976
Rothamsted,60,NA,0.006516066,0.00402505,4.857571392,7.738544855,2.005033203,14.61169057,10.21796543
Rothamsted,61,NA,0.006375158,0.003927053,4.853924486,7.72627987,2.001605601,14.59211217,10.20427424
Rothamsted,62,NA,0.006240001,0.003833502,4.850350223,7.714317375,1.998248473,14.57298957,10.1909018
Rothamsted,63,NA,0.006110264,0.003744117,4.846846046,7.702643718,1.994959297,14.55430344,10.17783457
Rothamsted,64,NA,0.00598564,0.00365864,4.843409521,7.691246124,1.991735679,14.53603561,10.16505986
Rothamsted,65,NA,0.005865846,0.003576833,4.840038325,7.680112595,1.988575335,14.51816893,10.15256569
Rothamsted,66,NA,0.005750616,0.003498475,4.836730241,7.669231846,1.985476087,14.50068726,10.14034074
Rothamsted,67,NA,0.005639702,0.003423362,4.833483151,7.658593275,1.982435863,14.48357535,10.12837437
Rothamsted,68,NA,0.005532876,0.003351305,4.830295033,7.648186884,1.979452682,14.46681878,10.11665649
Rothamsted,69,NA,0.005429922,0.00328213,4.827163957,7.63800328,1.97652466,14.45040395,10.10517759
Rothamsted,70,NA,0.005330643,0.003215675,4.824088084,7.628033623,1.973649999,14.43431802,10.09392869
Rothamsted,71,NA,0.00523485,0.003151788,4.82106565,7.618269536,1.970826977,14.4185488,10.08290126
Rothamsted,72,NA,0.005142369,0.00309033,4.81809497,7.608703109,1.968053949,14.40308473,10.07208722
Rothamsted,73,NA,0.005053036,0.003031169,4.81517443,7.599326871,1.965329347,14.38791485,10.06147892
Rothamsted,74,NA,0.004966698,0.002974184,4.812302488,7.590133745,1.962651666,14.37302878,10.05106908
Rothamsted,75,NA,0.004883212,0.002919261,4.809477663,7.581117019,1.960019466,14.35841662,10.04085078
Rothamsted,76,NA,0.004802441,0.002866294,4.806698539,7.572270334,1.957431369,14.34406898,10.03081747
Rothamsted,77,NA,0.004724259,0.002815183,4.803963757,7.563587648,1.954886054,14.3299769,10.02096287
Rothamsted,78,NA,0.004648547,0.002765836,4.801272013,7.555063236,1.952382256,14.31613189,10.01128104
Rothamsted,79,NA,0.004575192,0.002718166,4.798622063,7.546691668,1.949918763,14.30252585,10.00176633
Rothamsted,80,NA,0.00450409,0.00267209,4.796012707,7.538467763,1.94749441,14.28915106,9.992413329
Rothamsted,81,NA,0.00443514,0.002627534,4.793442795,7.530386593,1.94510808,14.27600014,9.983216882
Rothamsted,82,NA,0.004368248,0.002584424,4.790911221,7.52244347,1.942758701,14.26306606,9.974172073
Rothamsted,83,NA,0.004303326,0.002542694,4.788416925,7.514633924,1.940445241,14.25034211,9.965274203
Rothamsted,84,NA,0.00424029,0.002502279,4.785958884,7.506953686,1.938166711,14.23782185,9.956518777
Rothamsted,85,NA,0.00417906,0.002463121,4.783536118,7.499398687,1.935922158,14.22549914,9.947901499
Rothamsted,86,NA,0.004119562,0.002425162,4.78114768,7.491965034,1.933710664,14.2133681,9.939418253
Rothamsted,87,NA,0.004061724,0.00238835,4.778792662,7.484649017,1.931531349,14.2014231,9.931065106
Rothamsted,88,NA,0.004005479,0.002352635,4.77647019,7.477447093,1.929383365,14.18965876,9.922838296
Rothamsted,89,NA,0.003950765,0.002317969,4.774179423,7.470355865,1.927265895,14.17806992,9.914734208
Rothamsted,90,NA,0.003897519,0.002284308,4.771919548,7.463372081,1.925178151,14.16665161,9.906749376
Rothamsted,91,NA,0.003845686,0.00225161,4.769689782,7.456492632,1.923119376,14.15539909,9.89888048
Rothamsted,92,NA,0.00379521,0.002219834,4.767489372,7.449714535,1.921088837,14.14430779,9.891124328
Rothamsted,93,NA,0.00374604,0.002188943,4.76531759,7.443034928,1.91908583,14.13337333,9.883477854
Rothamsted,94,NA,0.003698127,0.002158901,4.763173733,7.436451067,1.917109674,14.1225915,9.875938113
Rothamsted,95,NA,0.003651423,0.002129674,4.761057122,7.429960315,1.915159711,14.11195825,9.86850227
Rothamsted,96,NA,0.003605884,0.00210123,4.758967105,7.423560146,1.913235307,14.10146967,9.861167603
Rothamsted,97,NA,0.003561468,0.002073539,4.756903049,7.417248134,1.911335851,14.09112204,9.853931497
Rothamsted,98,NA,0.003518135,0.00204657,4.754864344,7.411021943,1.90946075,14.08091174,9.846791429
Rothamsted,99,NA,0.003475846,0.002020298,4.7528504,7.404879329,1.907609433,14.07083531,9.839744969
Rothamsted,100,NA,0.003434563,0.001994695,4.750860647,7.398818131,1.905781348,14.06088938,9.832789779
Rothamsted,101,NA,0.003394253,0.001969737,4.748894532,7.392836273,1.903975959,14.05107075,9.825923604
Rothamsted,102,NA,0.003354881,0.001945399,4.746951522,7.386931749,1.902192749,14.0413763,9.819144266
Rothamsted,103,NA,0.003316416,0.00192166,4.745031101,7.381102631,1.900431218,14.03180303,9.812449669
Rothamsted,104,NA,0.003278827,0.001898498,4.743132767,7.375347059,1.898690881,14.02234803,9.805837784
Rothamsted,105,NA,0.003242084,0.001875891,4.741256037,7.36966324,1.896971268,14.01300852,9.799306657
Rothamsted,106,NA,0.00320616,0.001853822,4.739400442,7.364049448,1.895271926,14.0037818,9.792854404
Rothamsted,107,NA,0.003171028,0.00183227,4.737565528,7.358504014,1.893592416,13.99466526,9.7864792
Rothamsted,108,NA,0.003136663,0.001811219,4.735750854,7.353025328,1.891932309,13.98565637,9.780179282
Rothamsted,109,NA,0.00310304,0.001790651,4.733955994,7.347611837,1.890291193,13.97675271,9.773952947
Rothamsted,110,NA,0.003070134,0.001770549,4.732180534,7.342262036,1.888668667,13.96795192,9.767798546
Rothamsted,111,NA,0.003037925,0.001750899,4.730424072,7.336974475,1.887064342,13.95925171,9.761714485
Rothamsted,112,NA,0.00300639,0.001731685,4.728686219,7.33174775,1.885477841,13.95064988,9.75569922
Rothamsted,113,NA,0.002975508,0.001712893,4.726966596,7.3265805,1.883908797,13.94214429,9.749751255
Rothamsted,114,NA,0.002945259,0.00169451,4.725264837,7.321471415,1.882356855,13.93373287,9.743869143
Rothamsted,115,NA,0.002915625,0.001676521,4.723580585,7.316419224,1.88082167,13.92541362,9.738051486
Rothamsted,116,NA,0.002886587,0.001658916,4.721913494,7.311422697,1.879302907,13.9171846,9.732296924
Rothamsted,117,NA,0.002858127,0.001641682,4.720263229,7.306480642,1.87780024,13.90904392,9.72660414
Rothamsted,118,NA,0.002830228,0.001624807,4.718629462,7.301591906,1.876313354,13.90098976,9.720971859
Rothamsted,119,NA,0.002802875,0.00160828,4.717011877,7.296755371,1.874841941,13.89302034,9.715398842
Rothamsted,120,NA,0.002776051,0.00159209,4.715410165,7.291969952,1.873385702,13.88513396,9.709883888
Rothamsted,121,NA,0.002749741,0.001576229,4.713824025,7.287234598,1.871944347,13.87732894,9.704425831
Rothamsted,122,NA,0.00272393,0.001560684,4.712253164,7.282548288,1.870517592,13.86960366,9.699023538
Rothamsted,123,NA,0.002698605,0.001545449,4.710697301,7.277910033,1.869105163,13.86195655,9.69367591
Rothamsted,124,NA,0.002673753,0.001530512,4.709156157,7.273318876,1.867706793,13.85438609,9.688381882
Rothamsted,125,NA,0.002649359,0.001515866,4.707629465,7.268773883,1.866322221,13.84689079,9.683140416
Rothamsted,126,NA,0.002625412,0.001501502,4.706116962,7.264274151,1.864951194,13.83946922,9.677950505
Rothamsted,127,NA,0.0026019,0.001487412,4.704618394,7.259818799,1.863593466,13.83211997,9.672811169
Rothamsted,128,NA,0.002578811,0.001473589,4.703133512,7.255406976,1.862248795,13.82484168,9.667721456
Rothamsted,129,NA,0.002556133,0.001460024,4.701662074,7.25103785,1.860916948,13.81763303,9.66268044
Rothamsted,130,NA,0.002533856,0.001446712,4.700203845,7.246710616,1.859597697,13.81049273,9.657687221
Rothamsted,131,NA,0.002511969,0.001433644,4.698758596,7.242424489,1.858290821,13.80341952,9.652740922
Rothamsted,132,NA,0.002490462,0.001420814,4.697326101,7.238178708,1.856996101,13.79641219,9.64784069
Rothamsted,133,NA,0.002469326,0.001408217,4.695906144,7.23397253,1.855713328,13.78946954,9.642985696
Rothamsted,134,NA,0.002448551,0.001395844,4.694498511,7.229805234,1.854442295,13.78259044,9.638175129
Rothamsted,135,NA,0.002428127,0.001383691,4.693102995,7.225676117,1.853182803,13.77577373,9.633408205
Rothamsted,136,NA,0.002408047,0.001371752,4.691719393,7.221584495,1.851934654,13.76901834,9.628684155
Rothamsted,137,NA,0.002388301,0.001360021,4.690347509,7.217529703,1.850697659,13.76232319,9.624002233
Rothamsted,138,NA,0.002368881,0.001348493,4.688987148,7.213511093,1.84947163,13.75568725,9.61936171
Rothamsted,139,NA,0.002349779,0.001337163,4.687638124,7.209528033,1.848256386,13.74910949,9.614761878
Rothamsted,140,NA,0.002330988,0.001326025,4.686300252,7.205579907,1.84705175,13.74258892,9.610202044
Rothamsted,141,NA,0.0023125,0.001315075,4.684973354,7.201666117,1.845857548,13.73612459,9.605681533
Rothamsted,142,NA,0.002294307,0.001304307,4.683657254,7.197786076,1.844673611,13.72971556,9.601199689
Rothamsted,143,NA,0.002276403,0.001293718,4.68235178,7.193939216,1.843499774,13.72336089,9.596755869
Rothamsted,144,NA,0.002258781,0.001283304,4.681056768,7.190124981,1.842335876,13.71705971,9.592349447
Rothamsted,145,NA,0.002241435,0.001273059,4.679772052,7.186342829,1.841181758,13.71081113,9.587979813
Rothamsted,146,NA,0.002224357,0.001262979,4.678497474,7.182592231,1.840037267,13.70461431,9.583646369
Rothamsted,147,NA,0.002207542,0.001253062,4.677232877,7.17887267,1.838902252,13.6984684,9.579348534
Rothamsted,148,NA,0.002190984,0.001243302,4.67597811,7.175183645,1.837776566,13.69237261,9.575085739
Rothamsted,149,NA,0.002174676,0.001233697,4.674733023,7.171524663,1.836660066,13.68632612,9.57085743
Rothamsted,150,NA,0.002158614,0.001224241,4.673497471,7.167895244,1.83555261,13.68032818,9.566663063
Ultuna,0,1956,0.530999952,0.029054472,8.075093265,10.74759068,1.857261636,21.24,14.75
Ultuna,1,NA,0.116189616,0.023388509,7.612507609,10.50676721,2.485756168,20.74460911,14.40794041
Ultuna,2,NA,0.069208753,0.023032978,7.259618515,10.38684155,2.784394905,20.5230967,14.25603285
Ultuna,3,NA,0.062545991,0.02506509,6.994812488,10.28189075,2.974877038,20.33919136,14.13021058
Ultuna,4,NA,0.066665444,0.028504318,6.797159032,10.1717382,3.081452188,20.14551918,13.99756782
Ultuna,5,NA,0.073594948,0.032619816,6.647775348,10.04980192,3.124461994,19.92825403,13.84849374
Ultuna,6,NA,0.079285592,0.036725466,6.531771058,9.915437477,3.125364487,19.68858408,13.68380742
Ultuna,7,NA,0.081928493,0.040268147,6.438688482,9.77149561,3.103325255,19.43570599,13.50989512
Ultuna,8,NA,0.081541747,0.042933758,6.36179593,9.62222429,3.071945473,19.1804412,13.33427619
Ultuna,9,NA,0.079058975,0.044648877,6.296920181,9.471665843,3.038815911,18.93110979,13.16273482
Ultuna,10,NA,0.075491326,0.045500987,6.241405674,9.322916924,3.007177743,18.69249265,12.9985973
Ultuna,11,1967,0.071556623,0.045648103,6.193426155,9.178047217,2.977897539,18.46657564,12.84324775
Ultuna,12,NA,0.067655504,0.045257507,6.151610396,9.038304525,2.950843156,18.25367109,12.69690706
Ultuna,13,NA,0.063969118,0.044476521,6.114863301,8.904362253,2.925603019,18.05327421,12.55922773
Ultuna,14,NA,0.06055631,0.043424025,6.082285506,8.776517158,2.901780833,17.86456383,12.42964196
Ultuna,15,NA,0.057418406,0.042191443,6.053135094,8.65482563,2.879082816,17.68665339,12.30753613
Ultuna,16,NA,0.054534824,0.040847919,6.026801211,8.539195798,2.857312871,17.51869262,12.19232156
Ultuna,17,NA,0.051879226,0.039444689,6.002786321,8.429441361,2.836349667,17.35990126,12.08345796
Ultuna,18,1974,0.049426422,0.038019251,5.980689419,8.325318318,2.81611995,17.20957336,11.98045648
Ultuna,19,1975,0.047154819,0.036598996,5.960187559,8.226551454,2.796578163,17.06707099,11.88287536
Ultuna,20,NA,0.045046236,0.03520321,5.941024376,8.132848487,2.777693858,16.93181617,11.79031437
Ultuna,21,1977,0.043085262,0.033845606,5.922992955,8.043912797,2.759442578,16.8032792,11.70240665
Ultuna,22,NA,0.041258848,0.032535133,5.905930543,7.959450789,2.741802423,16.68097774,11.61881814
Ultuna,23,1979,0.039555645,0.031277251,5.889707999,7.879177164,2.724752214,16.56447027,11.53924305
Ultuna,24,NA,0.037965383,0.030075172,5.87421979,7.802819183,2.708269842,16.45334937,11.46339915
Ultuna,25,NA,0.036478798,0.028930296,5.859380093,7.730117844,2.692332845,16.34723988,11.39102656
Ultuna,26,NA,0.035087656,0.027842467,5.845120345,7.66082978,2.676919468,16.24579972,11.32188829
Ultuna,27,1983,0.033784351,0.026810712,5.831383216,7.594726487,2.662007512,16.14871228,11.25576502
Ultuna,28,NA,0.032561953,0.025833364,5.818121568,7.53159528,2.64757493,16.0556871,11.19245546
Ultuna,29,1985,0.031414134,0.024908314,5.805295813,7.471238387,2.63360035,15.966457,11.13177453
Ultuna,30,NA,0.030335113,0.024033171,5.792872639,7.413472725,2.620063014,15.88077666,11.07355223
Ultuna,31,1987,0.029319588,0.023205403,5.780823543,7.358128981,2.606942874,15.79842039,11.01763216
Ultuna,32,NA,0.028362712,0.022422424,5.769123884,7.305050731,2.594220731,15.71918048,10.96387041
Ultuna,33,1989,0.02746006,0.021681661,5.757752187,7.254093706,2.581878289,15.6428659,10.9121346
Ultuna,34,NA,0.026607567,0.020980588,5.746689372,7.205124078,2.569898087,15.56929969,10.86230211
Ultuna,35,1991,0.02580154,0.020316774,5.735918577,7.158018798,2.558263588,15.49831928,10.81426027
Ultuna,36,NA,0.025038627,0.019687897,5.725424794,7.112664891,2.54695918,15.42977539,10.76790565
Ultuna,37,1993,0.024315718,0.019091748,5.715194283,7.068957349,2.535969984,15.36352908,10.72314196
Ultuna,38,NA,0.023629971,0.018526242,5.705214523,7.026799045,2.525281923,15.2994517,10.67988005
Ultuna,39,1995,0.02297882,0.017989426,5.695474106,6.98610066,2.514881807,15.23742482,10.63803786
Ultuna,40,NA,0.022359887,0.017479463,5.685962452,6.946779056,2.504757065,15.17733792,10.5975388
Ultuna,41,1997,0.021770992,0.016994642,5.676669783,6.908757354,2.494895821,15.11908859,10.5583119
Ultuna,42,NA,0.021210144,0.016533363,5.667586986,6.871964272,2.485286874,15.06258164,10.5202912
Ultuna,43,1999,0.020675504,0.016094136,5.658705529,6.836333462,2.475919611,15.00772824,10.48341516
Ultuna,44,NA,0.020165387,0.015675578,5.650017436,6.801803457,2.466783999,14.95444586,10.44762656
Ultuna,45,2001,0.019678251,0.015276411,5.641515244,6.768317377,2.457870586,14.90265787,10.41287233
Ultuna,46,NA,0.019212657,0.014895436,5.633191884,6.735821966,2.449170378,14.85229232,10.3791026
Ultuna,47,NA,0.018767277,0.014531544,5.62504068,6.704267561,2.440674855,14.80328192,10.34627076
Ultuna,48,NA,0.0183409,0.014183707,5.617055329,6.673608032,2.432375998,14.75556397,10.31433336
Ultuna,49,2005,0.017932392,0.013850966,5.609229848,6.643800121,2.424266164,14.70907949,10.28324954
Ultuna,50,NA,0.017540708,0.01353243,5.601558563,6.61480342,2.416338105,14.66377323,10.252981
Ultuna,51,2007,0.017164879,0.013227272,5.59403608,6.586580121,2.408584955,14.61959331,10.22349182
Ultuna,52,NA,0.016804005,0.012934721,5.586657258,6.559094712,2.401000184,14.57649088,10.19335027
Ultuna,53,2009,0.01645725,0.01265406,5.579417213,6.532313976,2.393577592,14.53442009,10.16393013
Ultuna,54,NA,0.016123844,0.012384627,5.572311305,6.506206868,2.386311309,14.49333795,10.13520137
Ultuna,55,2011,0.01580306,0.0121258,5.565335098,6.480744072,2.379195726,14.45320376,10.10713549
Ultuna,56,2012,0.015494222,0.011876999,5.558484352,6.455898004,2.372225505,14.41397908,10.07970565
Ultuna,57,2013,0.015196706,0.011637684,5.551755027,6.431642792,2.365395587,14.3756278,10.05288657
Ultuna,58,NA,0.014909924,0.011407352,5.545143254,6.407953975,2.358701134,14.33811564,10.02665429
Ultuna,59,2015,0.014633326,0.011185531,5.538645339,6.384808499,2.352137534,14.30141023,10.00098617
Ultuna,60,NA,0.014366402,0.010971781,5.532257742,6.362184606,2.345700396,14.26548093,9.975860788
Ultuna,61,NA,0.014108669,0.010765688,5.52597707,6.340061696,2.339385519,14.23029864,9.951257792
Ultuna,62,NA,0.013859679,0.010566867,5.519800079,6.318420331,2.3331889,14.19583586,9.927157941
Ultuna,63,NA,0.013619012,0.010374958,5.51372367,6.297242186,2.327106725,14.16206655,9.903543042
Ultuna,64,NA,0.01338627,0.010189621,5.507744862,6.276509834,2.321135337,14.12896592,9.88039575
Ultuna,65,NA,0.013161081,0.010010538,5.501860797,6.256206747,2.315271235,14.0965104,9.857699579
Ultuna,66,NA,0.012943096,0.009837411,5.496068735,6.236317302,2.309511085,14.06467763,9.835438901
Ultuna,67,NA,0.012731985,0.009669959,5.490366044,6.216826621,2.303851685,14.03344629,9.813598807
Ultuna,68,NA,0.01252744,0.009507917,5.484750195,6.19772058,2.29828997,14.0027961,9.792165106
Ultuna,69,NA,0.012329166,0.009351038,5.479218758,6.178985754,2.292823004,13.97270772,9.77112428
Ultuna,70,NA,0.01213689,0.009199085,5.473769395,6.160609349,2.287447968,13.94316269,9.750463418
Ultuna,71,NA,0.01195035,0.00905184,5.468399861,6.142579205,2.282162164,13.91414342,9.730170224
Ultuna,72,NA,0.011769302,0.008909094,5.463108001,6.124883778,2.27696301,13.88563319,9.710232997
Ultuna,73,NA,0.011593514,0.008770652,5.457891737,6.107512024,2.271848018,13.85761594,9.690640521
Ultuna,74,NA,0.011422765,0.008636326,5.452749069,6.090453407,2.266814799,13.83007637,9.671382074
Ultuna,75,NA,0.011256848,0.008505943,5.447678071,6.073697897,2.261861066,13.80299983,9.65244743
Ultuna,76,NA,0.011095567,0.008379336,5.442676888,6.057235893,2.256984613,13.7763723,9.633826781
Ultuna,77,NA,0.010938734,0.008256349,5.437743732,6.041058223,2.252183322,13.75018036,9.615510742
Ultuna,78,NA,0.010786173,0.008136833,5.432876879,6.025156121,2.247455155,13.72441116,9.597490322
Ultuna,79,NA,0.010637716,0.008020646,5.428074663,6.009521186,2.242798149,13.69905236,9.579756894
Ultuna,80,NA,0.010493203,0.007907656,5.42333548,5.994145388,2.238210415,13.67409214,9.562302196
Ultuna,81,NA,0.010352483,0.007797736,5.418657785,5.979021061,2.233690141,13.64951921,9.545118326
Ultuna,82,NA,0.010215413,0.007690766,5.414040086,5.964140836,2.229235573,13.62532267,9.528197674
Ultuna,83,NA,0.010081855,0.007586631,5.409480937,5.949497646,2.224845023,13.60149209,9.511532932
Ultuna,84,NA,0.00995168,0.007485224,5.404978948,5.935084729,2.220516866,13.57801745,9.495117096
Ultuna,85,NA,0.009824762,0.007386441,5.40053277,5.920895581,2.216249532,13.55488909,9.478943417
Ultuna,86,NA,0.009700985,0.007290184,5.396141103,5.906923959,2.212041506,13.53209774,9.463005411
Ultuna,87,NA,0.009580234,0.00719636,5.391802686,5.89316387,2.207891328,13.50963448,9.447296838
Ultuna,88,NA,0.009462404,0.007104879,5.387516302,5.879609542,2.203797583,13.48749071,9.431811686
Ultuna,89,NA,0.009347391,0.007015657,5.383280772,5.866255436,2.19975891,13.46565817,9.416544172
Ultuna,90,NA,0.009235098,0.006928613,5.379094959,5.853096236,2.195773995,13.4441289,9.401488741
Ultuna,91,NA,0.00912543,0.00684367,5.374957758,5.840126814,2.191841565,13.42289524,9.386640025
Ultuna,92,NA,0.0090183,0.006760754,5.370868101,5.82734223,2.187960387,13.40194977,9.371992848
Ultuna,93,NA,0.008913621,0.006679796,5.366824954,5.814737738,2.184129276,13.38128539,9.357542228
Ultuna,94,NA,0.008811313,0.006600727,5.362827314,5.802308756,2.180347079,13.36089519,9.343283349
Ultuna,95,NA,0.008711295,0.006523485,5.358874209,5.790050868,2.176612683,13.34077254,9.329211567
Ultuna,96,NA,0.008613495,0.006448007,5.354964697,5.777959816,2.17292501,13.32091103,9.315322396
Ultuna,97,NA,0.008517841,0.006374235,5.351097862,5.766031489,2.169283015,13.30130444,9.301611498
Ultuna,98,NA,0.008424262,0.006302113,5.347272819,5.754261922,2.165685687,13.2819468,9.288074688
Ultuna,99,NA,0.008332696,0.006231587,5.343488708,5.742647298,2.16213205,13.26283234,9.274707929
Ultuna,100,NA,0.008243076,0.006162606,5.339744696,5.731183922,2.158621152,13.24395545,9.261507309
Ultuna,101,NA,0.008155345,0.00609512,5.336039972,5.719868222,2.155152075,13.22531073,9.248469044
Ultuna,102,NA,0.008069443,0.006029082,5.332373751,5.708696754,2.151723926,13.20689296,9.235589479
Ultuna,103,NA,0.007985314,0.005964447,5.328745268,5.697666182,2.148335842,13.18869705,9.222865071
Ultuna,104,NA,0.007902906,0.005901171,5.325153781,5.68677328,2.144986982,13.17071812,9.210292391
Ultuna,105,NA,0.007822166,0.005839212,5.321598569,5.676014931,2.141676531,13.15295141,9.197868119
Ultuna,106,NA,0.007743046,0.005778531,5.318078931,5.66538811,2.1384037,13.13539232,9.185589034
Ultuna,107,NA,0.007665497,0.005719089,5.314594185,5.654889896,2.13516772,13.11803639,9.173452019
Ultuna,108,NA,0.007589475,0.005660849,5.311143669,5.644517466,2.131967847,13.10087931,9.16145406
Ultuna,109,NA,0.007514934,0.005603775,5.30772674,5.634268076,2.128803357,13.08391688,9.149592226
Ultuna,110,NA,0.007441833,0.005547834,5.30434277,5.624139072,2.125673547,13.06714506,9.137863676
Ultuna,111,NA,0.007370132,0.005492992,5.30099115,5.614127883,2.122577733,13.05055989,9.126265657
Ultuna,112,NA,0.00729979,0.005439217,5.297671286,5.604232014,2.11951525,13.03415756,9.114795494
Ultuna,113,NA,0.00723077,0.00538648,5.2943826,5.594449044,2.116485454,13.01793435,9.103450593
Ultuna,114,NA,0.007163036,0.005334751,5.29112453,5.584776627,2.113487715,13.00188666,9.092228433
Ultuna,115,NA,0.007096552,0.005284001,5.287896527,5.575212485,2.110521421,12.98601099,9.081126564
Ultuna,116,NA,0.007031284,0.005234204,5.284698058,5.565754405,2.107585979,12.97030393,9.070142608
Ultuna,117,NA,0.0069672,0.005185333,5.281528603,5.556400248,2.104680809,12.95476219,9.059274261
Ultuna,118,NA,0.006904269,0.005137363,5.278387655,5.54714793,2.10180535,12.93938257,9.048519278
Ultuna,119,NA,0.006842459,0.00509027,5.27527472,5.537995426,2.098959052,12.92416193,9.037875474
Ultuna,120,NA,0.006781742,0.00504403,5.272189318,5.528940772,2.096141382,12.90909724,9.02734073
Ultuna,121,NA,0.00672209,0.00499862,5.269130978,5.519982059,2.09335182,12.89418557,9.016912984
Ultuna,122,NA,0.006663473,0.004954018,5.266099244,5.511117428,2.090589859,12.87942402,9.006590226
Ultuna,123,NA,0.006605867,0.004910204,5.263093668,5.502345075,2.087855006,12.86480982,8.996370504
Ultuna,124,NA,0.006549246,0.004867157,5.260113813,5.493663242,2.085146779,12.85034024,8.986251914
Ultuna,125,NA,0.006493584,0.004824857,5.257159256,5.485070221,2.082464709,12.83601263,8.976232606
Ultuna,126,NA,0.006438858,0.004783285,5.254229582,5.476564354,2.079808339,12.82182442,8.966310782
Ultuna,127,NA,0.006385045,0.004742422,5.251324385,5.468144022,2.077177225,12.8077731,8.956484685
Ultuna,128,NA,0.006332122,0.004702251,5.24844327,5.459807652,2.07457093,12.79385623,8.946752606
Ultuna,129,NA,0.006280068,0.004662755,5.245585851,5.451553713,2.071989032,12.78007142,8.937112881
Ultuna,130,NA,0.006228862,0.004623917,5.242751752,5.443380713,2.069431117,12.76641636,8.927563888
Ultuna,131,NA,0.006178482,0.004585721,5.239940603,5.435287197,2.06689678,12.75288878,8.918104044
Ultuna,132,NA,0.00612891,0.00454815,5.237152046,5.42727175,2.064385627,12.73948648,8.908731807
Ultuna,133,NA,0.006080127,0.004511191,5.234385727,5.419332991,2.061897275,12.72620731,8.899445672
Ultuna,134,NA,0.006032114,0.004474828,5.231641303,5.411469576,2.059431347,12.71304917,8.890244173
Ultuna,135,NA,0.005984852,0.004439047,5.228918439,5.403680195,2.056987477,12.70001001,8.881125881
Ultuna,136,NA,0.005938326,0.004403834,5.226216806,5.395963571,2.054565307,12.68708784,8.872089401
Ultuna,137,NA,0.005892517,0.004369177,5.223536084,5.388318456,2.052164486,12.67428072,8.863133371
Ultuna,138,NA,0.00584741,0.004335061,5.220875958,5.380743637,2.049784674,12.66158674,8.854256462
Ultuna,139,NA,0.005802988,0.004301476,5.218236121,5.373237926,2.047425537,12.64900405,8.845457376
Ultuna,140,NA,0.005759237,0.004268408,5.215616272,5.365800168,2.045086747,12.63653083,8.836734847
Ultuna,141,NA,0.00571614,0.004235845,5.213016119,5.358429233,2.042767986,12.62416532,8.828087639
Ultuna,142,NA,0.005673685,0.004203777,5.210435372,5.351124019,2.040468943,12.6119058,8.819514542
Ultuna,143,NA,0.005631856,0.004172192,5.207873752,5.34388345,2.038189312,12.59975056,8.811014379
Ultuna,144,NA,0.005590641,0.00414108,5.205330981,5.336706475,2.035928795,12.58769797,8.802585994
Ultuna,145,NA,0.005550025,0.00411043,5.202806792,5.32959207,2.0336871,12.57574642,8.794228263
Ultuna,146,NA,0.005509996,0.004080231,5.200300919,5.322539231,2.031463943,12.56389432,8.785940084
Ultuna,147,NA,0.005470542,0.004050475,5.197813104,5.31554698,2.029259044,12.55214014,8.777720381
Ultuna,148,NA,0.005431649,0.004021151,5.195343094,5.308614361,2.027072131,12.54048239,8.769568102
Ultuna,149,NA,0.005393307,0.00399225,5.192890641,5.301740438,2.024902936,12.52891957,8.761482218
Ultuna,150,NA,0.005355504,0.003963763,5.190455502,5.294924297,2.022751197,12.51745026,8.753461723
Versailles,0,1929,0.619917565,0.024796816,4.862523104,18.17857244,1.111003893,24.79681382,19.07447217
Versailles,1,NA,0.194288738,0.026261344,4.677732629,17.53461784,1.575609842,24.00851039,18.44325746
Versailles,2,NA,0.139763095,0.031685178,4.56611107,17.14039456,1.665448594,23.5434025,18.06168201
Versailles,3,NA,0.128848983,0.038718685,4.491021057,16.76758866,1.711568619,23.137746,17.72667765
Versailles,4,NA,0.130267839,0.046780942,4.439681606,16.37366316,1.74022917,22.73062272,17.39144814
Versailles,5,NA,0.135878946,0.055426854,4.404565661,15.94610222,1.76003245,22.30200613,17.04069237
Versailles,6,NA,0.142674823,0.064267495,4.380801793,15.48299857,1.774665719,21.8454084,16.66952186
Versailles,7,NA,0.149314405,0.072955403,4.364995207,14.98755126,1.78538162,21.3601979,16.27753698
Versailles,8,NA,0.155049583,0.08116507,4.354588001,14.46587389,1.79230527,20.84898182,15.86680504
Versailles,9,NA,0.1593598,0.088584748,4.347552397,13.92590594,1.795248736,20.31665162,15.44111846
Versailles,10,1939,0.161875801,0.094929395,4.342268848,13.37664413,1.794120525,19.7698387,15.00557017
Versailles,11,NA,0.162399008,0.099968305,4.337480312,12.82738816,1.789055683,19.21629147,14.56607275
Versailles,12,NA,0.160916903,0.10355151,4.332257718,12.28700055,1.780396355,18.66412304,14.12878352
Versailles,13,NA,0.157588225,0.105626026,4.325965236,11.76327012,1.768624019,18.12107363,13.69954536
Versailles,14,NA,0.152701006,0.106237523,4.318219855,11.26244893,1.754287324,17.59389463,13.28342366
Versailles,15,NA,0.146606202,0.105512491,4.308832883,10.78906792,1.737937005,17.0879565,12.88441583
Versailles,16,NA,0.139669249,0.103635,4.297765075,10.34596671,1.720102654,16.60713869,12.50537552
Versailles,17,NA,0.132232102,0.100821229,4.285086489,9.934474297,1.701253147,16.15386726,12.14804833
Versailles,18,NA,0.124586114,0.097294098,4.270937513,9.554684223,1.681793819,15.72929577,11.813215
Versailles,19,NA,0.116962815,0.093265168,4.255501195,9.205754008,1.662059112,15.3335423,11.50087553
Versailles,20,1949,0.109536131,0.088922327,4.238980991,8.886196498,1.642319698,14.96595565,11.21045367
Versailles,21,NA,0.102425294,0.084423493,4.221584688,8.594118019,1.622781846,14.62533334,10.94096379
Versailles,22,NA,0.095706406,0.079894989,4.203512859,8.327415456,1.60360341,14.31013312,10.69117155
Versailles,23,NA,0.089419921,0.075433338,4.184952144,8.083916105,1.584895974,14.01861748,10.4597034
Versailles,24,NA,0.083581171,0.071107949,4.166070412,7.86148577,1.566736738,13.74898204,10.2451431
Versailles,25,NA,0.078186974,0.066966927,4.14701582,7.65808393,1.549174824,13.49942848,10.04608631
Versailles,26,NA,0.073222189,0.063040099,4.127915932,7.471809412,1.53223739,13.26822502,9.861185449
Versailles,27,NA,0.068663839,0.059343486,4.108878452,7.300916455,1.515935006,13.05373724,9.689172194
Versailles,28,NA,0.064484847,0.055882859,4.089992786,7.143820299,1.50026624,12.85444703,9.528871038
Versailles,29,NA,0.060656336,0.05265659,4.071331814,6.999094476,1.485220708,12.66895992,9.379204089
Versailles,30,NA,0.057149217,0.049657867,4.052953603,6.86546399,1.470781675,12.49600635,9.239191388
Versailles,31,NA,0.05393519,0.04687637,4.034902866,6.74179536,1.456929125,12.33443891,9.107948245
Versailles,32,NA,0.050987592,0.044300033,4.01721401,6.627080716,1.443638875,12.18322123,8.98467642
Versailles,33,1962,0.04828173,0.041915733,3.999912263,6.520425548,1.430885828,12.0414211,8.868658517
Versailles,34,NA,0.045794439,0.039709813,3.98301415,6.421036977,1.418645601,11.90820098,8.759250445
Versailles,35,NA,0.04350489,0.037668878,3.96653045,6.328212826,1.406892568,11.78280961,8.655874831
Versailles,36,NA,0.041394394,0.035779974,3.95046663,6.241330875,1.395602143,11.66457402,8.558014685
Versailles,37,NA,0.039445705,0.034030736,3.934823495,6.159838556,1.384750365,11.55288886,8.465205245
Versailles,38,NA,0.037643596,0.032409627,3.919598924,6.083245393,1.374313792,11.44721133,8.377029881
Versailles,39,NA,0.035974338,0.030905884,3.904787662,6.011115465,1.364270777,11.34705413,8.293114655
Versailles,40,NA,0.034425544,0.029509582,3.890382611,5.943059712,1.35460012,11.25197757,8.213122313
Versailles,41,NA,0.032986196,0.0282116,3.876375032,5.878730774,1.345282063,11.16158567,8.136749164
Versailles,42,NA,0.031646389,0.027003596,3.862754978,5.817818189,1.336297882,11.07552103,8.063721175
Versailles,43,1972,0.030397266,0.025877968,3.849511679,5.760044221,1.327629927,10.99346106,7.993790992
Versailles,44,NA,0.02923086,0.024827787,3.8366338,5.705159124,1.319261594,10.91511316,7.926734325
Versailles,45,NA,0.028140018,0.023846746,3.824109669,5.652938015,1.311177268,10.84021172,7.862347573
Versailles,46,NA,0.027118351,0.022929141,3.81192742,5.603179218,1.303362362,10.76851649,7.800446572
Versailles,47,NA,0.026160093,0.022069785,3.800075184,5.555700293,1.295803167,10.69980852,7.740863463
Versailles,48,NA,0.025259992,0.021263943,3.788541241,5.510335249,1.288486631,10.63388706,7.683444405
Versailles,49,NA,0.024413417,0.020507373,3.777313991,5.466935656,1.281400801,10.57057124,7.628050686
Versailles,50,NA,0.023616089,0.019796159,3.766382038,5.425364397,1.274534324,10.50969301,7.574553518
Versailles,51,NA,0.022864179,0.019126773,3.755734359,5.385497864,1.267876492,10.45109967,7.522835823
Versailles,52,1981,0.022154214,0.018495999,3.745360223,5.347222971,1.261417291,10.3946507,7.472789862
Versailles,53,NA,0.021483046,0.017900916,3.735249208,5.310436625,1.255147368,10.34021716,7.424316756
Versailles,54,NA,0.02084781,0.017338856,3.72539128,5.275044306,1.249057873,10.28768012,7.377325296
Versailles,55,NA,0.020245907,0.016807401,3.715776809,5.240959791,1.243140488,10.2369304,7.331731707
Versailles,56,NA,0.019674953,0.016304334,3.706396517,5.208103627,1.237387377,10.18786681,7.287458375
Versailles,57,NA,0.019132775,0.015827626,3.697241484,5.176402629,1.231791175,10.14039569,7.244433427
Versailles,58,NA,0.018617402,0.015375433,3.688303181,5.145789771,1.22634497,10.09443076,7.202590623
Versailles,59,NA,0.018127021,0.014946063,3.679573436,5.116203059,1.221042234,10.04989181,7.161868387
Versailles,60,NA,0.017659961,0.01453796,3.671044432,5.087585103,1.215876775,10.00670423,7.122209417
Versailles,61,NA,0.0172147,0.0141497,3.662708684,5.059882877,1.210842784,9.964798745,7.083560508
Versailles,62,1991,0.016789837,0.013779976,3.65455904,5.033047334,1.205934793,9.92411098,7.04587219
Versailles,63,NA,0.016384079,0.013427583,3.64658867,5.007032817,1.20114759,9.884580739,7.009098202
Versailles,64,NA,0.015996236,0.013091412,3.638791042,4.981796904,1.19647626,9.846151853,6.973195363
Versailles,65,NA,0.015625212,0.01277044,3.631159913,4.957300184,1.191916168,9.808771919,6.938123373
Versailles,66,NA,0.015269996,0.012463727,3.623689327,4.933505942,1.187462917,9.772391908,6.903844513
Versailles,67,NA,0.014929649,0.012170402,3.616373596,4.910379929,1.183112333,9.736965908,6.870323449
Versailles,68,NA,0.014603303,0.01188966,3.609207285,4.887890165,1.178860466,9.702450879,6.837527047
Versailles,69,NA,0.014290155,0.011620755,3.602185202,4.866006749,1.17470357,9.668806431,6.805424199
Versailles,70,NA,0.013989454,0.011362995,3.595302371,4.84470158,1.170638075,9.635994476,6.773985572
Versailles,71,NA,0.013700513,0.011115744,3.58855407,4.823948587,1.166660622,9.603979535,6.743183806
Versailles,72,NA,0.013422685,0.010878405,3.581935766,4.803723151,1.162767995,9.572728003,6.71299299
Versailles,73,2002,0.013155368,0.010650426,3.575443131,4.784002152,1.158957133,9.542208209,6.683388695
Versailles,74,NA,0.012898002,0.010431292,3.569072019,4.764763876,1.155225138,9.512390326,6.654347902
Versailles,75,NA,0.012650066,0.010220523,3.562818469,4.745987911,1.151569248,9.483246218,6.625848886
Versailles,76,NA,0.012411073,0.010017675,3.556678692,4.727655002,1.147986825,9.454749266,6.597871086
Versailles,77,NA,0.012180565,0.009822328,3.550649058,4.709746994,1.144475358,9.426874303,6.570395053
Versailles,78,NA,0.011958119,0.009634093,3.544726092,4.692246773,1.141032455,9.399597532,6.543402389
Versailles,79,2008,0.011743333,0.009452608,3.538906469,4.675138174,1.13765583,9.372896414,6.516875657
Versailles,80,NA,0.011535834,0.009277531,3.533186999,4.658405907,1.134343302,9.346749572,6.498696035
Versailles,81,NA,0.011335271,0.009108543,3.527564627,4.642035518,1.131092788,9.321136747,6.480887709
Versailles,82,NA,0.011141314,0.008945345,3.522036421,4.626013294,1.127902295,9.296038669,6.463437281
Versailles,83,NA,0.010953653,0.008787657,3.516599572,4.610326264,1.12476992,9.271437066,6.446332047
Versailles,84,NA,0.010771999,0.008635216,3.511251389,4.594962164,1.121693847,9.247314614,6.429559961
Versailles,85,NA,0.010596077,0.008487774,3.505989285,4.57990931,1.118672329,9.223654775,6.413109525
Versailles,86,NA,0.010425628,0.008345099,3.500810776,4.565156611,1.115703697,9.20044181,6.396969797
Versailles,87,NA,0.010260409,0.008206972,3.495713478,4.550693538,1.112786356,9.177660753,6.381130369
Versailles,88,NA,0.010100191,0.008073188,3.490695098,4.53651007,1.109918774,9.15529732,6.365581311
Versailles,89,NA,0.009944757,0.007943551,3.485753433,4.522596661,1.107099479,9.13333788,6.350313144
Versailles,90,NA,0.009793902,0.007817878,3.480886363,4.508944223,1.104327062,9.111769428,6.335316828
Versailles,91,NA,0.009647434,0.007695997,3.476091851,4.4955441,1.101600172,9.090579555,6.320583733
Versailles,92,NA,0.009505168,0.007577744,3.471367938,4.482388035,1.098917509,9.069756394,6.30610561
Versailles,93,NA,0.009366932,0.007462964,3.466712734,4.469468149,1.096277824,9.049288604,6.291874573
Versailles,94,NA,0.009232562,0.007351513,3.462124423,4.45677692,1.09367992,9.029165338,6.277883079
Versailles,95,NA,0.009101902,0.00724325,3.457601252,4.444307145,1.091122641,9.00937619,6.264123894
Versailles,96,NA,0.008974805,0.007138047,3.453141537,4.43205197,1.088604881,8.989911238,6.250590119
Versailles,97,NA,0.00885113,0.007035778,3.448743652,4.420004828,1.086125573,8.970760962,6.237275134
Versailles,98,NA,0.008730746,0.006936327,3.444406031,4.408159428,1.083683691,8.951916223,6.224172587
Versailles,99,NA,0.008613525,0.006839581,3.440127161,4.396509749,1.081278244,8.93336826,6.211276385
Versailles,100,NA,0.008499348,0.006745435,3.435905584,4.385050025,1.078908282,8.915108675,6.198580688
Versailles,101,NA,0.0083881,0.006653789,3.431739892,4.373774727,1.076572887,8.897129396,6.186079886
Versailles,102,NA,0.008279673,0.006564547,3.427628724,4.362678549,1.074271173,8.879422666,6.173768584
Versailles,103,NA,0.008173964,0.006477617,3.423570767,4.351756402,1.072002287,8.861981037,6.161641604
Versailles,104,NA,0.008070873,0.006392914,3.419564751,4.341003392,1.069765405,8.844797334,6.149693957
Versailles,105,NA,0.007970307,0.006310355,3.415609452,4.330414841,1.067559734,8.827864688,6.137920868
Versailles,106,NA,0.007872176,0.006229862,3.411703684,4.319986241,1.065384507,8.811176471,6.126317727
Versailles,107,NA,0.007776395,0.006151359,3.407846302,4.309713259,1.063238984,8.794726299,6.114880097
Versailles,108,NA,0.007682882,0.006074777,3.404036197,4.299591727,1.061122448,8.778508031,6.103603707
Versailles,109,NA,0.007591559,0.006000046,3.400272297,4.28961764,1.05903421,8.762515753,6.092484445
Versailles,110,NA,0.007502352,0.005927103,3.396553562,4.279787137,1.056973601,8.746743756,6.081518342
Versailles,111,NA,0.007415189,0.005855884,3.392878988,4.2700965,1.054939975,8.731186536,6.070701572
Versailles,112,NA,0.007330002,0.005786332,3.389247601,4.260542149,1.052932706,8.71583879,6.060030447
Versailles,113,NA,0.007246727,0.005718388,3.385658455,4.251120626,1.050951189,8.700695385,6.049501397
Versailles,114,NA,0.0071653,0.005652001,3.38211064,4.241828615,1.04899484,8.685751394,6.039110999
Versailles,115,NA,0.007085662,0.005587116,3.378603268,4.232662907,1.047063092,8.671002045,6.028855933
Versailles,116,NA,0.007007755,0.005523686,3.375135482,4.223620405,1.045155397,8.656442726,6.018732992
Versailles,117,NA,0.006931526,0.005461663,3.371706448,4.214698122,1.043271223,8.642068982,6.00873908
Versailles,118,NA,0.006856921,0.005401001,3.368315359,4.205893172,1.041410055,8.627876508,5.998871203
Versailles,119,NA,0.006783889,0.005341657,3.36496143,4.197202771,1.039571394,8.61386114,5.989126466
Versailles,120,NA,0.006712383,0.005283589,3.361643901,4.188624224,1.037754756,8.600018853,5.97950207
Versailles,121,NA,0.006642355,0.005226757,3.358362033,4.18015493,1.035959673,8.586345748,5.969995305
Versailles,122,NA,0.006573761,0.005171123,3.35511511,4.171792373,1.034185688,8.572838055,5.960603549
Versailles,123,NA,0.006506559,0.005116651,3.351902433,4.163534118,1.03243236,8.559492121,5.951324262
Versailles,124,NA,0.006440706,0.005063303,3.348723328,4.15537781,1.030699261,8.546304409,5.942154986
Versailles,125,NA,0.006376164,0.005011048,3.345577136,4.147321172,1.028985975,8.533271494,5.933093339
Versailles,126,NA,0.006312894,0.004959852,3.342463218,4.139361995,1.027292097,8.520390055,5.92413701
Versailles,127,NA,0.006250859,0.004909683,3.339380954,4.131498143,1.025617235,8.507656874,5.915283764
Versailles,128,NA,0.006190024,0.004860512,3.336329737,4.123727547,1.023961008,8.495068829,5.90653143
Versailles,129,NA,0.006130356,0.00481231,3.333308982,4.116048199,1.022323046,8.482622894,5.897877903
Versailles,130,NA,0.006071821,0.004765049,3.330318116,4.108458156,1.020702989,8.47031613,5.88932114
Versailles,131,NA,0.006014387,0.004718701,3.327356582,4.100955531,1.019100487,8.458145689,5.880859161
Versailles,132,NA,0.005958025,0.004673241,3.32442384,4.093538497,1.017515199,8.446108803,5.872490042
Versailles,133,NA,0.005902705,0.004628645,3.321519363,4.08620528,1.015946794,8.434202786,5.864211915
Versailles,134,NA,0.005848399,0.004584887,3.318642636,4.078954157,1.014394951,8.42242503,5.856022966
Versailles,135,NA,0.00579508,0.004541945,3.315793161,4.071783459,1.012859357,8.410773001,5.847921433
Versailles,136,NA,0.00574272,0.004499797,3.31297045,4.064691562,1.011339706,8.399244235,5.839905604
Versailles,137,NA,0.005691296,0.004458421,3.310174029,4.057676892,1.009835701,8.387836339,5.831973815
Versailles,138,NA,0.005640781,0.004417797,3.307403436,4.050737918,1.008347055,8.376546987,5.824124447
Versailles,139,NA,0.005591154,0.004377904,3.30465822,4.043873152,1.006873484,8.365373915,5.816355929
Versailles,140,NA,0.00554239,0.004338722,3.301937943,4.03708115,1.005414716,8.354314922,5.808666729
Versailles,141,NA,0.005494468,0.004300235,3.299242175,4.030360507,1.003970484,8.343367869,5.801055358
Versailles,142,NA,0.005447366,0.004262422,3.296570499,4.023709857,1.002540526,8.332530671,5.793520369
Versailles,143,NA,0.005401064,0.004225268,3.293922509,4.01712787,1.001124591,8.321801301,5.786060352
Versailles,144,NA,0.005355541,0.004188754,3.291297805,4.010613255,0.999722429,8.311177785,5.778673934
Versailles,145,NA,0.005310779,0.004152866,3.288696002,4.004164753,0.998333801,8.300658201,5.771359778
Versailles,146,NA,0.005266759,0.004117587,3.286116719,3.99778114,0.996958472,8.290240676,5.764116584
Versailles,147,NA,0.005223462,0.004082901,3.283559588,3.991461226,0.995596212,8.279923388,5.756943083
Versailles,148,NA,0.005180871,0.004048795,3.281024248,3.985203849,0.994246797,8.26970456,5.749838039
Versailles,149,NA,0.005138969,0.004015254,3.278510347,3.97900788,0.99291001,8.259582461,5.742800251
Versailles,150,NA,0.00509774,0.003982264,3.276017541,3.972872219,0.991585638,8.249555402,5.735828543
